{"cameraMode":{"drawMode":0,"name":"Shaded","section":"Shading Mode"},"sceneLighting":true,"audioPlay":false,"sceneViewState":{"showFog":true,"showMaterialUpdate":false,"showSkybox":true,"showFlares":true,"showImageEffects":true,"showParticleSystems":true},"in2DMode":false,"pivot":{"x":-29.87428092956543,"y":11.409323692321778,"z":-32.02547836303711},"rotation":{"x":0.0676884725689888,"y":0.8296316862106323,"z":0.1031307801604271,"w":-0.544512152671814},"size":38.094730377197269,"orthographic":false}