{"cameraMode":{"drawMode":0,"name":"Shaded","section":"Shading Mode"},"sceneLighting":false,"audioPlay":false,"sceneViewState":{"showFog":true,"showMaterialUpdate":false,"showSkybox":true,"showFlares":true,"showImageEffects":true,"showParticleSystems":true},"in2DMode":false,"pivot":{"x":-1.090000033378601,"y":4.440000057220459,"z":-15.973138809204102},"rotation":{"x":0.004274351987987757,"y":0.9427077174186707,"z":-0.012090112082660199,"w":0.3333733081817627},"size":1.1367923021316529,"orthographic":false}