{"cameraMode":{"drawMode":0,"name":"Shaded","section":"Shading Mode"},"sceneLighting":true,"audioPlay":false,"sceneViewState":{"showFog":true,"showMaterialUpdate":false,"showSkybox":true,"showFlares":true,"showImageEffects":true,"showParticleSystems":true},"in2DMode":false,"pivot":{"x":-4.743807315826416,"y":1.9140756130218506,"z":-16.425029754638673},"rotation":{"x":-0.032248739153146747,"y":-0.9364046454429627,"z":-0.08939144760370255,"w":0.33780980110168459},"size":1.7224452495574952,"orthographic":false}